Product code;Центральный склад (Warehouse);Product name;Language;Store
2001459803516;1;Бриджи 222B-CY-24;ru;sww
2001459803677;1;Бриджи 222B-CY-55;ru;sww
2001459831526;3;Комбинезон 830-MU-75;ru;sww
2001459831540;1;Комбинезон 830-MU-75;ru;sww
2001459858325;12;Брюки мужские 269S-ULTRA-00;ru;sww
2001459869314;14;Комбинезон 830-MU-15;ru;sww
2001459879092;11;Комбинезон 830-SU-77;ru;sww
2001459880043;26;Полукомбинезон 51-2-P154-14;ru;sww
2001459880050;48;Полукомбинезон 51-2-P154-14;ru;sww
2001459880067;19;Полукомбинезон 51-2-P154-14;ru;sww
2001459880098;3;Полукомбинезон 51-2-P154-14;ru;sww
2001459880166;2;Брюки 255M-EASN-00/55;ru;sww
2001459882177;40;Куртка 471T-KR154-15;ru;sww
2001459884980;10;Куртка 471T-KR154-55;ru;sww
2001459884997;7;Куртка 471T-KR154-55;ru;sww
2001459885222;70;Полукомбинезон 71T-KR154-55;ru;sww
2001459885451;8;Полукомбинезон 51-2-P154-14;ru;sww
2001459887714;3;Бриджи 222B-CY-31;ru;sww
2001459888353;9;Куртка 374K-CY-6/90;ru;sww
2001459888889;1;Брюки 255M-CY-05/55;ru;sww
2001459889237;5;Комбинезон 827R-MU-75;ru;sww
2001459890165;17;Комбинезон 830-P165-11;ru;sww
2001459890202;7;Комбинезон 830-P165-11;ru;sww
2001459892923;4;Жилет утеплённый 515T-BEVR-90;ru;sww
2001459897386;5;Жилет рабочий 511T-FU-555;ru;sww
2001459897515;16;Куртка 471T-FU-555;ru;sww
2001459897553;8;Куртка 471T-FU-555;ru;sww
