"Product id";"Product code";"Product name"
90;"PM3-P154-65";"Передник PM3-P154-65"
753;"511T-FAS-14|60-62_170-176";"Жилет рабочий 511T-FAS-14"
756;"511T-FAS-14|60-62_182-188";"Жилет рабочий 511T-FAS-14"
759;"511T-FAS-14|64-66_170-176";"Жилет рабочий 511T-FAS-14"
761;"511T-FAS-14|64-66_182-188";"Жилет рабочий 511T-FAS-14"
762;"511T-FAS-22|44-46_182";"Жилет рабочий 511T-FAS-22"
763;"511T-FAS-22|44-46_158-164";"Жилет рабочий 511T-FAS-22"
764;"511T-FAS-22|44-46_170-176";"Жилет рабочий 511T-FAS-22"
765;"511T-FAS-22|48-50_182-188";"Жилет рабочий 511T-FAS-22"
766;"511T-FAS-22|56-58_170-176";"Жилет рабочий 511T-FAS-22"
767;"511T-FAS-22|56-58_182-188";"Жилет рабочий 511T-FAS-22"
768;"511T-FAS-22|60-62_182-188";"Жилет рабочий 511T-FAS-22"
769;"511T-FAS-22|64-66_182-188";"Жилет рабочий 511T-FAS-22"
811;"515NC-ADKN-90|56-58_170";"Жилет утеплённый 515NC-ADKN-90"
871;"791E-TASLAN-75|48-50_158-164";"Жилет утеплённый 791E-TASLAN-75"
899;"791E-TASLAN-81|48-50_158-164";"Жилет утеплённый 791E-TASLAN-81"
903;"791E-TASLAN-81|52-54_182-188";"Жилет утеплённый 791E-TASLAN-81"
905;"791E-TASLAN-81|56-58_182-188";"Жилет утеплённый 791E-TASLAN-81"
906;"791E-TASLAN-81|60-62_182-188";"Жилет утеплённый 791E-TASLAN-81"
908;"791E-TASLAN-81|64-66_182-188";"Жилет утеплённый 791E-TASLAN-81"
920;"791K-TASLAN-24/90|64-66_170-176";"Жилет утеплённый с капюшоном 791K-TASLAN-24/90"
921;"791K-TASLAN-24/90|64-66_182-188";"Жилет утеплённый с капюшоном 791K-TASLAN-24/90"
929;"791K-TASLAN-81/90|56-58_170-176";"Жилет утеплённый с капюшоном 791K-TASLAN-81/90"
931;"791K-TASLAN-81/90|60-62_170-176";"Жилет утеплённый с капюшоном 791K-TASLAN-81/90"
933;"791K-TASLAN-81/90|64-66_170-176";"Жилет утеплённый с капюшоном 791K-TASLAN-81/90"
934;"791K-TASLAN-81/90|64-66_182-188";"Жилет утеплённый с капюшоном 791K-TASLAN-81/90"
965;"818A-AS-15|56-58_188";"Комбинезон 818A-AS-15"
973;"818A-AS-21|56-58_188";"Комбинезон 818A-AS-21"
975;"818N-PP-13/71|48-50_182";"Комбинезон 818N-PP-13/71"
976;"818N-PP-13/71|44-46_164";"Комбинезон 818N-PP-13/71"
977;"818N-PP-13/71|44-46_170";"Комбинезон 818N-PP-13/71"
978;"818N-PP-13/71|44-46_176";"Комбинезон 818N-PP-13/71"
979;"818N-PP-13/71|48-50_164";"Комбинезон 818N-PP-13/71"
980;"818N-PP-13/71|48-50_170";"Комбинезон 818N-PP-13/71"
981;"818N-PP-13/71|48-50_176";"Комбинезон 818N-PP-13/71"
982;"818N-PP-13/71|48-50_188";"Комбинезон 818N-PP-13/71"
983;"818N-PP-13/71|52-54_170";"Комбинезон 818N-PP-13/71"
984;"818N-PP-13/71|52-54_176";"Комбинезон 818N-PP-13/71"
985;"818N-PP-13/71|52-54_182";"Комбинезон 818N-PP-13/71"
986;"818N-PP-13/71|52-54_188";"Комбинезон 818N-PP-13/71"
987;"818N-PP-13/71|56-58_170";"Комбинезон 818N-PP-13/71"
988;"818N-PP-13/71|56-58_176";"Комбинезон 818N-PP-13/71"
989;"818N-PP-13/71|56-58_182";"Комбинезон 818N-PP-13/71"
990;"818N-PP-13/71|56-58_188";"Комбинезон 818N-PP-13/71"
991;"818N-PP-13/71|60-62_176";"Комбинезон 818N-PP-13/71"
992;"818N-PP-13/71|60-62_182";"Комбинезон 818N-PP-13/71"
993;"818N-PP-13/71|60-62_188";"Комбинезон 818N-PP-13/71"
994;"818N-PP-13/71|64-66_176";"Комбинезон 818N-PP-13/71"
995;"818N-PP-13/71|64-66_182";"Комбинезон 818N-PP-13/71"
996;"818N-PP-13/71|64-66_188";"Комбинезон 818N-PP-13/71"
1006;"818N-PP-20/71|44-46_164";"Комбинезон 818N-PP-20/71"
1007;"818N-PP-20/71|44-46_170";"Комбинезон 818N-PP-20/71"
1008;"818N-PP-20/71|44-46_176";"Комбинезон 818N-PP-20/71"
1009;"818N-PP-20/71|48-50_164";"Комбинезон 818N-PP-20/71"
1010;"818N-PP-20/71|48-50_170";"Комбинезон 818N-PP-20/71"
1011;"818N-PP-20/71|48-50_182";"Комбинезон 818N-PP-20/71"
1012;"818N-PP-20/71|48-50_188";"Комбинезон 818N-PP-20/71"
1013;"818N-PP-20/71|52-54_170";"Комбинезон 818N-PP-20/71"
1014;"818N-PP-20/71|52-54_176";"Комбинезон 818N-PP-20/71"
1016;"818N-PP-20/71|52-54_188";"Комбинезон 818N-PP-20/71"
1017;"818N-PP-20/71|56-58_170";"Комбинезон 818N-PP-20/71"
1018;"818N-PP-20/71|56-58_176";"Комбинезон 818N-PP-20/71"
1019;"818N-PP-20/71|56-58_182";"Комбинезон 818N-PP-20/71"
1020;"818N-PP-20/71|56-58_188";"Комбинезон 818N-PP-20/71"
1021;"818N-PP-20/71|60-62_176";"Комбинезон 818N-PP-20/71"
1022;"818N-PP-20/71|60-62_182";"Комбинезон 818N-PP-20/71"
1023;"818N-PP-20/71|60-62_188";"Комбинезон 818N-PP-20/71"
1024;"818N-PP-20/71|64-66_176";"Комбинезон 818N-PP-20/71"
1025;"818N-PP-20/71|64-66_182";"Комбинезон 818N-PP-20/71"
1026;"818N-PP-20/71|64-66_188";"Комбинезон 818N-PP-20/71"
1027;"818N-PP-61/71|48-50_182";"Комбинезон 818N-PP-61/71"
1028;"818N-PP-61/71|44-46_164";"Комбинезон 818N-PP-61/71"
1029;"818N-PP-61/71|44-46_170";"Комбинезон 818N-PP-61/71"
1030;"818N-PP-61/71|44-46_176";"Комбинезон 818N-PP-61/71"
1031;"818N-PP-61/71|48-50_164";"Комбинезон 818N-PP-61/71"
1032;"818N-PP-61/71|48-50_170";"Комбинезон 818N-PP-61/71"
1033;"818N-PP-61/71|48-50_176";"Комбинезон 818N-PP-61/71"
1034;"818N-PP-61/71|48-50_188";"Комбинезон 818N-PP-61/71"
1035;"818N-PP-61/71|52-54_170";"Комбинезон 818N-PP-61/71"
1036;"818N-PP-61/71|52-54_176";"Комбинезон 818N-PP-61/71"
1037;"818N-PP-61/71|52-54_182";"Комбинезон 818N-PP-61/71"
1038;"818N-PP-61/71|52-54_188";"Комбинезон 818N-PP-61/71"
1039;"818N-PP-61/71|56-58_170";"Комбинезон 818N-PP-61/71"
1040;"818N-PP-61/71|56-58_176";"Комбинезон 818N-PP-61/71"
1041;"818N-PP-61/71|56-58_182";"Комбинезон 818N-PP-61/71"
1042;"818N-PP-61/71|56-58_188";"Комбинезон 818N-PP-61/71"
1043;"818N-PP-61/71|60-62_176";"Комбинезон 818N-PP-61/71"
1044;"818N-PP-61/71|60-62_182";"Комбинезон 818N-PP-61/71"
1045;"818N-PP-61/71|60-62_188";"Комбинезон 818N-PP-61/71"
1046;"818N-PP-61/71|64-66_176";"Комбинезон 818N-PP-61/71"
1047;"818N-PP-61/71|64-66_182";"Комбинезон 818N-PP-61/71"
1048;"818N-PP-61/71|64-66_188";"Комбинезон 818N-PP-61/71"
1071;"818R-100R-90/71|52_182";"Комбинезон 818R-100R-90/71"
1072;"818R-100R-90/71|54_182";"Комбинезон 818R-100R-90/71"
1073;"827KA-FAS-12|66_176";"Комбинезон 827KA-FAS-12"
1074;"827KA-FAS-12|66_182";"Комбинезон 827KA-FAS-12"
1075;"827KA-FAS-12|66_188";"Комбинезон 827KA-FAS-12"
1130;"827KAR-FAS-81|44-46_164";"Комбинезон 827KAR-FAS-81"
1131;"827KAR-FAS-81|44-46_170";"Комбинезон 827KAR-FAS-81"
1132;"827KAR-FAS-81|44-46_176";"Комбинезон 827KAR-FAS-81"
1133;"827KAR-FAS-81|48-50_164";"Комбинезон 827KAR-FAS-81"
1138;"827KAR-FAS-81|52-54_170";"Комбинезон 827KAR-FAS-81"
1142;"827KAR-FAS-81|56-58_170";"Комбинезон 827KAR-FAS-81"
1144;"827KAR-FAS-81|56-58_182";"Комбинезон 827KAR-FAS-81"
1146;"827KAR-FAS-81|60-62_182";"Комбинезон 827KAR-FAS-81"
1148;"827KAR-FAS-81|64-66_176";"Комбинезон 827KAR-FAS-81"
1149;"827KAR-FAS-81|64-66_182";"Комбинезон 827KAR-FAS-81"
1150;"827KAR-FAS-81|64-66_188";"Комбинезон 827KAR-FAS-81"
1224;"830-FAS•-75|48-50_176";"Комбинезон 830-FAS•-75"
1225;"830-FAS•-75|48-50_182";"Комбинезон 830-FAS•-75"
1231;"830-FAS•-75|56-58_176";"Комбинезон 830-FAS•-75"
1354;"830W-P154-16|48-50_164";"Комбинезон 830W-P154-16"
1362;"830W-P154-16|56-58_170";"Комбинезон 830W-P154-16"
1363;"830W-P154-16|56-58_176";"Комбинезон 830W-P154-16"
1365;"830W-P154-16|56-58_188";"Комбинезон 830W-P154-16"
1366;"830W-P154-16|60-62_170";"Комбинезон 830W-P154-16"
1367;"830W-P154-16|60-62_176";"Комбинезон 830W-P154-16"
1369;"830W-P154-16|60-62_188";"Комбинезон 830W-P154-16"
1370;"830W-P154-16|64-66_170";"Комбинезон 830W-P154-16"
1371;"830W-P154-16|64-66_176";"Комбинезон 830W-P154-16"
1372;"830W-P154-16|64-66_182";"Комбинезон 830W-P154-16"
1373;"830W-P154-16|64-66_188";"Комбинезон 830W-P154-16"
1378;"830W-P155-15|48-50_164";"Комбинезон 830W-P155-15"
1386;"830W-P155-15|56-58_170";"Комбинезон 830W-P155-15"
1387;"830W-P155-15|56-58_176";"Комбинезон 830W-P155-15"
1389;"830W-P155-15|56-58_188";"Комбинезон 830W-P155-15"
1390;"830W-P155-15|60-62_170";"Комбинезон 830W-P155-15"
1391;"830W-P155-15|60-62_176";"Комбинезон 830W-P155-15"
1392;"830W-P155-15|60-62_188";"Комбинезон 830W-P155-15"
1393;"830W-P155-15|64-66_170";"Комбинезон 830W-P155-15"
1394;"830W-P155-15|64-66_176";"Комбинезон 830W-P155-15"
1395;"830W-P155-15|64-66_182";"Комбинезон 830W-P155-15"
1396;"830W-P155-15|64-66_188";"Комбинезон 830W-P155-15"
1418;"8831-TWILL-15/90|48-50_170";"Комбинезон 8831-TWILL-15/90"
1419;"8831-TWILL-15/90|48-50_176";"Комбинезон 8831-TWILL-15/90"
1420;"8831-TWILL-15/90|48-50_182";"Комбинезон 8831-TWILL-15/90"
1424;"8831-TWILL-15/90|52-54_176";"Комбинезон 8831-TWILL-15/90"
1425;"8831-TWILL-15/90|52-54_182";"Комбинезон 8831-TWILL-15/90"
1426;"8831-TWILL-15/90|52-54_188";"Комбинезон 8831-TWILL-15/90"
1429;"8831-TWILL-15/90|56-58_176";"Комбинезон 8831-TWILL-15/90"
1430;"8831-TWILL-15/90|56-58_182";"Комбинезон 8831-TWILL-15/90"
1431;"8831-TWILL-15/90|56-58_188";"Комбинезон 8831-TWILL-15/90"
1434;"8831-TWILL-15/90|60-62_176";"Комбинезон 8831-TWILL-15/90"
1435;"8831-TWILL-15/90|60-62_182";"Комбинезон 8831-TWILL-15/90"
1442;"8831-TWILL-16/15|60-62_176";"Комбинезон 8831-TWILL-16/15"
1443;"8831-TWILL-16/15|44-46_164";"Комбинезон 8831-TWILL-16/15"
1444;"8831-TWILL-16/15|44-46_170";"Комбинезон 8831-TWILL-16/15"
1445;"8831-TWILL-16/15|44-46_176";"Комбинезон 8831-TWILL-16/15"
1446;"8831-TWILL-16/15|48-50_164";"Комбинезон 8831-TWILL-16/15"
1447;"8831-TWILL-16/15|48-50_170";"Комбинезон 8831-TWILL-16/15"
1448;"8831-TWILL-16/15|48-50_176";"Комбинезон 8831-TWILL-16/15"
1449;"8831-TWILL-16/15|48-50_182";"Комбинезон 8831-TWILL-16/15"
1450;"8831-TWILL-16/15|48-50_188";"Комбинезон 8831-TWILL-16/15"
1451;"8831-TWILL-16/15|48-50_194";"Комбинезон 8831-TWILL-16/15"
1452;"8831-TWILL-16/15|52-54_170";"Комбинезон 8831-TWILL-16/15"
1453;"8831-TWILL-16/15|52-54_176";"Комбинезон 8831-TWILL-16/15"
1454;"8831-TWILL-16/15|52-54_182";"Комбинезон 8831-TWILL-16/15"
1455;"8831-TWILL-16/15|52-54_188";"Комбинезон 8831-TWILL-16/15"
1456;"8831-TWILL-16/15|56-58_170";"Комбинезон 8831-TWILL-16/15"
1457;"8831-TWILL-16/15|56-58_176";"Комбинезон 8831-TWILL-16/15"
1458;"8831-TWILL-16/15|56-58_182";"Комбинезон 8831-TWILL-16/15"
1459;"8831-TWILL-16/15|56-58_188";"Комбинезон 8831-TWILL-16/15"
1460;"8831-TWILL-16/15|60-62_170";"Комбинезон 8831-TWILL-16/15"
1461;"8831-TWILL-16/15|60-62_182";"Комбинезон 8831-TWILL-16/15"
1462;"8831-TWILL-16/15|60-62_188";"Комбинезон 8831-TWILL-16/15"
1463;"8831-TWILL-16/15|64-66_176";"Комбинезон 8831-TWILL-16/15"
1464;"8831-TWILL-16/15|64-66_182";"Комбинезон 8831-TWILL-16/15"
1465;"8831-TWILL-16/15|64-66_188";"Комбинезон 8831-TWILL-16/15"
1470;"8831-TWILL-16/58|44-46_182";"Комбинезон 8831-TWILL-16/58"
1483;"8831-TWILL-16/58|60-62_170";"Комбинезон 8831-TWILL-16/58"
1487;"8831-TWILL-16/58|64-66_170";"Комбинезон 8831-TWILL-16/58"
1507;"8831-TWILL-16/77|52-54_194";"Комбинезон 8831-TWILL-16/77"
1513;"8831-TWILL-16/77|56-58_194";"Комбинезон 8831-TWILL-16/77"
1519;"8831-TWILL-16/77|60-62_194";"Комбинезон 8831-TWILL-16/77"
1525;"8831-TWILL-16/77|64-66_194";"Комбинезон 8831-TWILL-16/77"
1539;"8831-TWILL-16/90|56-58_188";"Комбинезон 8831-TWILL-16/90"
1540;"8831-TWILL-16/90|60-62_176";"Комбинезон 8831-TWILL-16/90"
1542;"8831-TWILL-16/90|60-62_188";"Комбинезон 8831-TWILL-16/90"
1543;"8831-TWILL-16/90|64-66_176";"Комбинезон 8831-TWILL-16/90"
1545;"8831-TWILL-16/90|64-66_188";"Комбинезон 8831-TWILL-16/90"
1547;"8831-TWILL-71/24|44-46_164";"Комбинезон 8831-TWILL-71/24"
1548;"8831-TWILL-71/24|44-46_170";"Комбинезон 8831-TWILL-71/24"
1549;"8831-TWILL-71/24|44-46_176";"Комбинезон 8831-TWILL-71/24"
1550;"8831-TWILL-71/24|44-46_182";"Комбинезон 8831-TWILL-71/24"
1551;"8831-TWILL-71/24|44-46_188";"Комбинезон 8831-TWILL-71/24"
1552;"8831-TWILL-71/24|48-50_164";"Комбинезон 8831-TWILL-71/24"
1553;"8831-TWILL-71/24|48-50_170";"Комбинезон 8831-TWILL-71/24"
1554;"8831-TWILL-71/24|48-50_176";"Комбинезон 8831-TWILL-71/24"
1557;"8831-TWILL-71/24|52-54_164";"Комбинезон 8831-TWILL-71/24"
1559;"8831-TWILL-71/24|52-54_182";"Комбинезон 8831-TWILL-71/24"
1560;"8831-TWILL-71/24|52-54_188";"Комбинезон 8831-TWILL-71/24"
1561;"8831-TWILL-71/24|56-58_164";"Комбинезон 8831-TWILL-71/24"
1562;"8831-TWILL-71/24|56-58_170";"Комбинезон 8831-TWILL-71/24"
1563;"8831-TWILL-71/24|56-58_176";"Комбинезон 8831-TWILL-71/24"
1564;"8831-TWILL-71/24|56-58_182";"Комбинезон 8831-TWILL-71/24"
1565;"8831-TWILL-71/24|56-58_188";"Комбинезон 8831-TWILL-71/24"
1566;"8831-TWILL-71/24|60-62_164";"Комбинезон 8831-TWILL-71/24"
1567;"8831-TWILL-71/24|60-62_170";"Комбинезон 8831-TWILL-71/24"
1568;"8831-TWILL-71/24|60-62_176";"Комбинезон 8831-TWILL-71/24"
1569;"8831-TWILL-71/24|60-62_182";"Комбинезон 8831-TWILL-71/24"
1570;"8831-TWILL-71/24|60-62_188";"Комбинезон 8831-TWILL-71/24"
1571;"8831-TWILL-71/24|64-66_164";"Комбинезон 8831-TWILL-71/24"
1572;"8831-TWILL-71/24|64-66_170";"Комбинезон 8831-TWILL-71/24"
1573;"8831-TWILL-71/24|64-66_176";"Комбинезон 8831-TWILL-71/24"
1574;"8831-TWILL-71/24|64-66_182";"Комбинезон 8831-TWILL-71/24"
1575;"8831-TWILL-71/24|64-66_188";"Комбинезон 8831-TWILL-71/24"
1601;"8831-TWILL FT-16/15|48-50_176";"Комбинезон 8831-TWILL FT-16/15"
1602;"8831-TWILL FT-16/15|44-46_164";"Комбинезон 8831-TWILL FT-16/15"
1603;"8831-TWILL FT-16/15|44-46_176";"Комбинезон 8831-TWILL FT-16/15"
1604;"8831-TWILL FT-16/15|48-50_170";"Комбинезон 8831-TWILL FT-16/15"
1605;"8831-TWILL FT-16/15|48-50_182";"Комбинезон 8831-TWILL FT-16/15"
1606;"8831-TWILL FT-16/15|48-50_188";"Комбинезон 8831-TWILL FT-16/15"
1607;"8831-TWILL FT-16/15|52-54_176";"Комбинезон 8831-TWILL FT-16/15"
1608;"8831-TWILL FT-16/15|52-54_182";"Комбинезон 8831-TWILL FT-16/15"
1609;"8831-TWILL FT-16/15|52-54_188";"Комбинезон 8831-TWILL FT-16/15"
1610;"8831-TWILL FT-16/15|60-62_182";"Комбинезон 8831-TWILL FT-16/15"
1620;"8831F-PP-13/77|56-58_188";"Комбинезон 8831F-PP-13/77"
1635;"8831F-PP-71/55|60-62_176";"Комбинезон 8831F-PP-71/55"
1637;"8831F-PP-71/55|60-62_188";"Комбинезон 8831F-PP-71/55"
1638;"8831F-PP-71/55|64-66_176";"Комбинезон 8831F-PP-71/55"
1640;"8831F-PP-71/55|64-66_188";"Комбинезон 8831F-PP-71/55"
1650;"8831F-PP-80/55|56-58_188";"Комбинезон 8831F-PP-80/55"
1661;"888R-TWILL FT-15|48-50_188";"Комбинезон 888R-TWILL FT-15"
1662;"888R-TWILL FT-15|44-46_182";"Комбинезон 888R-TWILL FT-15"
1663;"888R-TWILL FT-15|48-50_182";"Комбинезон 888R-TWILL FT-15"
1664;"888R-TWILL FT-15|56-58_170";"Комбинезон 888R-TWILL FT-15"
1665;"888R-TWILL FT-15|56-58_182";"Комбинезон 888R-TWILL FT-15"
1666;"888R-TWILL FT-15|56-58_188";"Комбинезон 888R-TWILL FT-15"
1668;"888R-TWILL-15|44-46_182";"Комбинезон 888R-TWILL-15"
1669;"888R-TWILL-15|44-46_188";"Комбинезон 888R-TWILL-15"
1676;"888R-TWILL-90|60-62_176";"Комбинезон 888R-TWILL-90"
1677;"888R-TWILL-90|44-46_182";"Комбинезон 888R-TWILL-90"
1678;"888R-TWILL-90|60-62_182";"Комбинезон 888R-TWILL-90"
1679;"888R-TWILL-90|60-62_188";"Комбинезон 888R-TWILL-90"
1680;"888R-TWILL-90|64-66_176";"Комбинезон 888R-TWILL-90"
1681;"888R-TWILL-90|64-66_182";"Комбинезон 888R-TWILL-90"
1682;"888R-TWILL-90|64-66_188";"Комбинезон 888R-TWILL-90"
1698;"892-MU-90|44-46_164";"Комбинезон 892-MU-90"
1700;"892-MU-90|44-46_176";"Комбинезон 892-MU-90"
1704;"892-MU-90|48-50_188";"Комбинезон 892-MU-90"
1705;"892-MU-90|52-54_170";"Комбинезон 892-MU-90"
1708;"892-MU-90|56-58_176";"Комбинезон 892-MU-90"
1709;"892-MU-90|56-58_182";"Комбинезон 892-MU-90"
1710;"892-MU-90|56-58_188";"Комбинезон 892-MU-90"
1711;"892-MU-90|60-62_182";"Комбинезон 892-MU-90"
1712;"892-MU-90|60-62_188";"Комбинезон 892-MU-90"
1713;"892-MU-90|64-66_182";"Комбинезон 892-MU-90"
1728;"374K-84K-P154-55/77|60-62_170-176";"Костюм 374K-84K-P154-55/77"
1729;"374K-84K-P154-55/77|60-62_182-188";"Костюм 374K-84K-P154-55/77"
1730;"374K-84K-P154-55/77|64-66_170-176";"Костюм 374K-84K-P154-55/77"
1731;"374K-84K-P154-55/77|64-66_182-188";"Костюм 374K-84K-P154-55/77"
1753;"409T-84T-P154-R-83|48-50_182-188";"Костюм 409T-84T-P154-R-83"
1754;"409T-84T-P154-R-83|48-50_170-176";"Костюм 409T-84T-P154-R-83"
1755;"409T-84T-P154-R-83|52-54_170-176";"Костюм 409T-84T-P154-R-83"
1756;"409T-84T-P154-R-83|52-54_182-188";"Костюм 409T-84T-P154-R-83"
1757;"409T-84T-P154-R-83|56-58_182-188";"Костюм 409T-84T-P154-R-83"
1770;"442R-42BR-TWILL-61|56-58_170-176";"Костюм 442R-42BR-TWILL-61"
1771;"442R-42BR-TWILL-61|56-58_194-200";"Костюм 442R-42BR-TWILL-61"
1773;"442R-42R-TWILL-R-61|56-58_170";"Костюм 442R-42R-TWILL-R-61"
1785;"471T-71T-PR25-12|60-62_164";"Костюм 471T-71T-PR25-12"
1786;"471T-71T-PR25-12|64-66_164";"Костюм 471T-71T-PR25-12"
1865;"369S-ULTRA-00|48-50_170";"Куртка 369S-ULTRA-00"
1866;"369S-ULTRA-00|48-50_182";"Куртка 369S-ULTRA-00"
1869;"369S-ULTRA-00|52-54_176";"Куртка 369S-ULTRA-00"
1870;"369S-ULTRA-00|52-54_182";"Куртка 369S-ULTRA-00"
1897;"374A-P154-55|60-62_170-176";"Куртка 374A-P154-55"
1899;"374A-P154-55|64-66_170-176";"Куртка 374A-P154-55"
1900;"374A-P154-55|64-66_182-188";"Куртка 374A-P154-55"
1929;"374M-P154-00/55|48-50_158-164";"Куртка 374M-P154-00/55"
1933;"374M-P154-00/55|56-58_170-176";"Куртка 374M-P154-00/55"
1935;"374M-P154-00/55|60-62_170-176";"Куртка 374M-P154-00/55"
1936;"374M-P154-00/55|60-62_182-188";"Куртка 374M-P154-00/55"
1937;"374M-P154-00/55|64-66_170-176";"Куртка 374M-P154-00/55"
1938;"374M-P154-00/55|64-66_182-188";"Куртка 374M-P154-00/55"
1939;"419-PP-15/90|44-46_182";"Куртка 419-PP-15/90"
1940;"419-PP-15/90|56-58_176";"Куртка 419-PP-15/90"
1941;"419-PP-15/90|60-62_176";"Куртка 419-PP-15/90"
1966;"419•C-TWILL-15/90|44-46_158-164";"Куртка 419•C-TWILL-15/90"
1979;"419C-TASLAN-14/90|44-46_158-164";"Куртка 419C-TASLAN-14/90"
1980;"419C-TASLAN-14/90|44-46_170-176";"Куртка 419C-TASLAN-14/90"
1983;"419C-TASLAN-14/90|48-50_158-164";"Куртка 419C-TASLAN-14/90"
1984;"419C-TASLAN-14/90|48-50_170-176";"Куртка 419C-TASLAN-14/90"
1985;"419C-TASLAN-14/90|48-50_182-188";"Куртка 419C-TASLAN-14/90"
1986;"419C-TASLAN-14/90|52-54_170-176";"Куртка 419C-TASLAN-14/90"
1987;"419C-TASLAN-14/90|52-54_182-188";"Куртка 419C-TASLAN-14/90"
1988;"419C-TASLAN-14/90|56-58_170-176";"Куртка 419C-TASLAN-14/90"
1989;"419C-TASLAN-14/90|56-58_182-188";"Куртка 419C-TASLAN-14/90"
1990;"419C-TASLAN-14/90|60-62_170-176";"Куртка 419C-TASLAN-14/90"
1991;"419C-TASLAN-14/90|60-62_182-188";"Куртка 419C-TASLAN-14/90"
1992;"419C-TASLAN-14/90|64-66_170-176";"Куртка 419C-TASLAN-14/90"
1993;"419C-TASLAN-14/90|64-66_182-188";"Куртка 419C-TASLAN-14/90"
2019;"419C-TWILL-15/90|48-50_158-164";"Куртка 419C-TWILL-15/90"
2028;"419C-TWILL-15/90|64-66_170-176";"Куртка 419C-TWILL-15/90"
2044;"428•C-TASLAN-90|44-46_158-164";"Куртка 428•C-TASLAN-90"
2046;"428•C-TASLAN-90|48-50_158-164";"Куртка 428•C-TASLAN-90"
2052;"428•C-TASLAN-90|60-62_170-176";"Куртка 428•C-TASLAN-90"
2053;"428•C-TASLAN-90|60-62_182-188";"Куртка 428•C-TASLAN-90"
2054;"428•C-TASLAN-90|64-66_170-176";"Куртка 428•C-TASLAN-90"
2055;"428•C-TASLAN-90|64-66_182-188";"Куртка 428•C-TASLAN-90"
2057;"428•C-TWILL-15|44-46_158-164";"Куртка 428•C-TWILL-15"
2059;"428•C-TWILL-15|48-50_158-164";"Куртка 428•C-TWILL-15"
2063;"428•C-TWILL-15|56-58_170-176";"Куртка 428•C-TWILL-15"
2065;"428•C-TWILL-15|60-62_170-176";"Куртка 428•C-TWILL-15"
2066;"428•C-TWILL-15|60-62_182-188";"Куртка 428•C-TWILL-15"
2067;"428•C-TWILL-15|64-66_170-176";"Куртка 428•C-TWILL-15"
2068;"428•C-TWILL-15|64-66_182-188";"Куртка 428•C-TWILL-15"
2079;"428•C-TWILL-90|44-46_158-164";"Куртка 428•C-TWILL-90"
2081;"428•C-TWILL-90|48-50_158-164";"Куртка 428•C-TWILL-90"
2088;"428•C-TWILL-90|60-62_182-188";"Куртка 428•C-TWILL-90"
2089;"428•C-TWILL-90|64-66_170-176";"Куртка 428•C-TWILL-90"
2090;"428•C-TWILL-90|64-66_182-188";"Куртка 428•C-TWILL-90"
2107;"428C-TASLAN-15|44-46_182-188";"Куртка 428C-TASLAN-15"
2118;"428C-TASLAN-15|60-62_170-176";"Куртка 428C-TASLAN-15"
2124;"428C-TASLAN-15|64-66_170-176";"Куртка 428C-TASLAN-15"
2127;"428C-TASLAN-15|64-66_182-188";"Куртка 428C-TASLAN-15"
2137;"428C-TASLAN-90|48-50_158-164";"Куртка 428C-TASLAN-90"
2151;"428C-TASLAN-90|64-66_170-176";"Куртка 428C-TASLAN-90"
2154;"428C-TASLAN-90|64-66_182-188";"Куртка 428C-TASLAN-90"
2198;"428C-TWILL-58|56-58_170-176";"Куртка 428C-TWILL-58"
2199;"428C-TWILL-58|60-62_170-176";"Куртка 428C-TWILL-58"
2201;"428C-TWILL-58|64-66_170-176";"Куртка 428C-TWILL-58"
2212;"428C-TWILL-90|56-58_170-176";"Куртка 428C-TWILL-90"
2213;"428C-TWILL-90|56-58_182-188";"Куртка 428C-TWILL-90"
2215;"428C-TWILL-90|60-62_170-176";"Куртка 428C-TWILL-90"
2217;"428C-TWILL-90|64-66_170-176";"Куртка 428C-TWILL-90"
2220;"428CBIG-TWILL-58|48-50_194-200";"Куртка 428CBIG-TWILL-58"
2222;"428CBIG-TWILL-58|56-58_194-200";"Куртка 428CBIG-TWILL-58"
2223;"428CBIG-TWILL-58|60-62_194-200";"Куртка 428CBIG-TWILL-58"
2224;"428CBIG-TWILL-58|64-66_194-200";"Куртка 428CBIG-TWILL-58"
2228;"428CBIG-TWILL-58|76-78_170-176";"Куртка 428CBIG-TWILL-58"
2230;"428CBIG-TWILL-58|80-82_170-176";"Куртка 428CBIG-TWILL-58"
2254;"428T-TWILL-90|48-50_194";"Куртка 428T-TWILL-90"
2278;"4391-NEON-71/15|48-50_158-164";"Куртка 4391-NEON-71/15"
2284;"4391-NEON-71/15|60-62_170-176";"Куртка 4391-NEON-71/15"
2286;"4391-NEON-71/15|60-62_182-188";"Куртка 4391-NEON-71/15"
2287;"4391-NEON-71/15|64-66_170-176";"Куртка 4391-NEON-71/15"
2289;"4391-NEON-71/15|64-66_182-188";"Куртка 4391-NEON-71/15"
2293;"4391-NEON-77/15|44-46_170-176";"Куртка 4391-NEON-77/15"
2295;"4391-NEON-77/15|48-50_158-164";"Куртка 4391-NEON-77/15"
2303;"4391-NEON-77/15|60-62_170-176";"Куртка 4391-NEON-77/15"
2306;"4391-NEON-77/15|60-62_182-188";"Куртка 4391-NEON-77/15"
2307;"4391-NEON-77/15|64-66_170-176";"Куртка 4391-NEON-77/15"
2309;"4391-NEON-77/15|64-66_182-188";"Куртка 4391-NEON-77/15"
2327;"4395-P154-15/13|60-62_170-176";"Куртка 4395-P154-15/13"
2329;"4395-P154-15/13|64-66_170-176";"Куртка 4395-P154-15/13"
2332;"4395-P154-55/21|44-46_158-164";"Куртка 4395-P154-55/21"
2333;"4395-P154-55/21|44-46_170-176";"Куртка 4395-P154-55/21"
2334;"4395-P154-55/21|48-50_158-164";"Куртка 4395-P154-55/21"
2336;"4395-P154-55/21|48-50_170-176";"Куртка 4395-P154-55/21"
2338;"4395-P154-55/21|48-50_182-188";"Куртка 4395-P154-55/21"
2341;"4395-P154-55/21|52-54_170-176";"Куртка 4395-P154-55/21"
2342;"4395-P154-55/21|52-54_182-188";"Куртка 4395-P154-55/21"
2343;"4395-P154-55/21|56-58_170-176";"Куртка 4395-P154-55/21"
2344;"4395-P154-55/21|56-58_182-188";"Куртка 4395-P154-55/21"
2345;"4395-P154-55/21|60-62_170-176";"Куртка 4395-P154-55/21"
2346;"4395-P154-55/21|60-62_182-188";"Куртка 4395-P154-55/21"
2347;"4395-P154-55/21|64-66_170-176";"Куртка 4395-P154-55/21"
2348;"4395-P154-55/21|64-66_182-188";"Куртка 4395-P154-55/21"
2352;"4395-P154-55/83|48-50_158-164";"Куртка 4395-P154-55/83"
2358;"4395-P154-55/83|60-62_170-176";"Куртка 4395-P154-55/83"
2360;"4395-P154-55/83|64-66_170-176";"Куртка 4395-P154-55/83"
2363;"4395-P154-R-57/81|44-46_158-164";"Куртка 4395-P154-R-57/81"
2365;"4395-P154-R-57/81|44-46_170-176";"Куртка 4395-P154-R-57/81"
2367;"4395-P154-R-57/81|48-50_158-164";"Куртка 4395-P154-R-57/81"
2368;"4395-P154-R-57/81|48-50_170-176";"Куртка 4395-P154-R-57/81"
2369;"4395-P154-R-57/81|48-50_182-188";"Куртка 4395-P154-R-57/81"
2371;"4395-P154-R-57/81|52-54_170-176";"Куртка 4395-P154-R-57/81"
2372;"4395-P154-R-57/81|52-54_182-188";"Куртка 4395-P154-R-57/81"
2373;"4395-P154-R-57/81|56-58_170-176";"Куртка 4395-P154-R-57/81"
2374;"4395-P154-R-57/81|56-58_182-188";"Куртка 4395-P154-R-57/81"
2375;"4395-P154-R-57/81|60-62_170-176";"Куртка 4395-P154-R-57/81"
2376;"4395-P154-R-57/81|60-62_182-188";"Куртка 4395-P154-R-57/81"
2377;"4395-P154-R-57/81|64-66_170-176";"Куртка 4395-P154-R-57/81"
2378;"4395-P154-R-57/81|64-66_182-188";"Куртка 4395-P154-R-57/81"
2380;"4395-P154-R-6/8|44-46_158-164";"Куртка 4395-P154-R-6/8"
2381;"4395-P154-R-6/8|44-46_170-176";"Куртка 4395-P154-R-6/8"
2382;"4395-P154-R-6/8|48-50_158-164";"Куртка 4395-P154-R-6/8"
2389;"4395-P154-R-6/8|60-62_170-176";"Куртка 4395-P154-R-6/8"
2390;"4395-P154-R-6/8|60-62_182-188";"Куртка 4395-P154-R-6/8"
2391;"4395-P154-R-6/8|64-66_170-176";"Куртка 4395-P154-R-6/8"
2392;"4395-P154-R-6/8|64-66_182-188";"Куртка 4395-P154-R-6/8"
2415;"4398•T-TWILL-55/80|60-62_170-176";"Куртка 4398•T-TWILL-55/80"
2418;"4398A-TASLAN-14|44-46_182-188";"Куртка 4398A-TASLAN-14"
2419;"4398A-TASLAN-15|44-46_182";"Куртка 4398A-TASLAN-15"
2420;"4398A-TASLAN-15|60-62_176";"Куртка 4398A-TASLAN-15"
2425;"4398A-TASLAN-90|56-58_176";"Куртка 4398A-TASLAN-90"
2432;"4398T-PP-15/16|56-58_182-188";"Куртка 4398T-PP-15/16"
2439;"4398T-TASLAN-15/16|48-50_158-164";"Куртка 4398T-TASLAN-15/16"
2445;"4398T-TASLAN-15/16|60-62_170-176";"Куртка 4398T-TASLAN-15/16"
2447;"4398T-TASLAN-15/16|64-66_170-176";"Куртка 4398T-TASLAN-15/16"
2448;"4398T-TASLAN-15/16|64-66_182-188";"Куртка 4398T-TASLAN-15/16"
2487;"4398T-TWILL-15/16|60-62_170-176";"Куртка 4398T-TWILL-15/16"
2490;"4398T-TWILL-15/16|64-66_170-176";"Куртка 4398T-TWILL-15/16"
2493;"4398T-TWILL-15/16|64-66_182-188";"Куртка 4398T-TWILL-15/16"
2587;"442KC-TWILL-90|64-66_170-176";"Куртка 442KC-TWILL-90"
2604;"442KCR-TWILL-90|48-50_182-188";"Куртка 442KCR-TWILL-90"
2605;"442KCR-TWILL-90|44-46_158-164";"Куртка 442KCR-TWILL-90"
2606;"442KCR-TWILL-90|48-50_170-176";"Куртка 442KCR-TWILL-90"
2607;"442KCR-TWILL-90|52-54_170-176";"Куртка 442KCR-TWILL-90"
2608;"442KCR-TWILL-90|52-54_182-188";"Куртка 442KCR-TWILL-90"
2609;"442KCR-TWILL-90|56-58_170-176";"Куртка 442KCR-TWILL-90"
2610;"442KCR-TWILL-90|56-58_182-188";"Куртка 442KCR-TWILL-90"
2611;"442N-100-57/28|52-54_170-176";"Куртка 442N-100-57/28"
2632;"442P-P154-15/15|64-66_170-176";"Куртка 442P-P154-15/15"
2633;"442P-P154-15/15|64-66_182-188";"Куртка 442P-P154-15/15"
2647;"442R-TWILL-15|56-58_194";"Куртка 442R-TWILL-15"
2657;"442R-TWILL-61|60-62_170";"Куртка 442R-TWILL-61"
2673;"442T-PP-15|56-58_170-176";"Куртка 442T-PP-15"
2674;"442T-PP-15|44-46_158-164";"Куртка 442T-PP-15"
2702;"442T-TWILL-90|60-62_194";"Куртка 442T-TWILL-90"
2717;"450T-FAS-14|60-62_170-176";"Куртка 450T-FAS-14"
2722;"450T-FAS-14|64-66_170-176";"Куртка 450T-FAS-14"
2725;"450T-FAS-14|64-66_182-188";"Куртка 450T-FAS-14"
2753;"452X-TOMBOY-90|56-58_188";"Куртка 452X-TOMBOY-90"
2754;"452X-TOMBOY-90|56-58_170";"Куртка 452X-TOMBOY-90"
2755;"452X-TOMBOY-90|56-58_176";"Куртка 452X-TOMBOY-90"
2757;"4536-TWILL-90|44-46_182";"Куртка 4536-TWILL-90"
2758;"455T-BCSN-24|56-58_176";"Куртка 455T-BCSN-24"
2759;"455T-BCSN-24|56-58_170";"Куртка 455T-BCSN-24"
2760;"455T-BCSN-24|56-58_188";"Куртка 455T-BCSN-24"
2777;"465-OXFORD-90|56-58_170";"Куртка 465-OXFORD-90"
2778;"465-OXFORD-90|56-58_188";"Куртка 465-OXFORD-90"
2779;"465-OXFORD-90|60-62_176";"Куртка 465-OXFORD-90"
2780;"465-OXFORD-90|60-62_188";"Куртка 465-OXFORD-90"
2790;"4676N-P154-71/15|64-66_170-176";"Куртка 4676N-P154-71/15"
2791;"4676N-P154-71/15|64-66_182-188";"Куртка 4676N-P154-71/15"
2835;"4676T-P154-71/15|60-62_170-176";"Куртка 4676T-P154-71/15"
2838;"4676T-P154-71/15|64-66_170-176";"Куртка 4676T-P154-71/15"
2842;"4676T-P154-77/15|44-46_158-164";"Куртка 4676T-P154-77/15"
2844;"4676T-P154-77/15|48-50_158-164";"Куртка 4676T-P154-77/15"
2848;"4676T-P154-77/15|56-58_170-176";"Куртка 4676T-P154-77/15"
2850;"4676T-P154-77/15|60-62_170-176";"Куртка 4676T-P154-77/15"
2851;"4676T-P154-77/15|60-62_182-188";"Куртка 4676T-P154-77/15"
2852;"4676T-P154-77/15|64-66_170-176";"Куртка 4676T-P154-77/15"
2870;"4677•T-TWILL-71/15|48-50_158-164";"Куртка 4677•T-TWILL-71/15"
2876;"4677•T-TWILL-71/15|60-62_170-176";"Куртка 4677•T-TWILL-71/15"
2879;"4677•T-TWILL-71/15|64-66_182-188";"Куртка 4677•T-TWILL-71/15"
2883;"4677•T-TWILL-77/15|48-50_158-164";"Куртка 4677•T-TWILL-77/15"
2891;"4677T-TWILL FT-71/15|48-50_158-164";"Куртка 4677T-TWILL FT-71/15"
2892;"4677T-TWILL FT-71/15|44-46_158-164";"Куртка 4677T-TWILL FT-71/15"
2893;"4677T-TWILL FT-71/15|44-46_170-176";"Куртка 4677T-TWILL FT-71/15"
2894;"4677T-TWILL FT-71/15|44-46_182-188";"Куртка 4677T-TWILL FT-71/15"
2895;"4677T-TWILL FT-71/15|48-50_170-176";"Куртка 4677T-TWILL FT-71/15"
2896;"4677T-TWILL FT-71/15|48-50_182-188";"Куртка 4677T-TWILL FT-71/15"
2897;"4677T-TWILL FT-71/15|52-54_170-176";"Куртка 4677T-TWILL FT-71/15"
2898;"4677T-TWILL FT-71/15|52-54_182-188";"Куртка 4677T-TWILL FT-71/15"
2899;"4677T-TWILL FT-71/15|56-58_170-176";"Куртка 4677T-TWILL FT-71/15"
2900;"4677T-TWILL FT-71/15|56-58_182-188";"Куртка 4677T-TWILL FT-71/15"
2901;"4677T-TWILL FT-71/15|60-62_170-176";"Куртка 4677T-TWILL FT-71/15"
2903;"4677T-TWILL FT-71/15|64-66_170-176";"Куртка 4677T-TWILL FT-71/15"
2921;"4677T-TWILL-71/15|60-62_170-176";"Куртка 4677T-TWILL-71/15"
2941;"4677T-TWILL-77/15|60-62_170-176";"Куртка 4677T-TWILL-77/15"
2946;"4677T-TWILL-77/15|64-66_170-176";"Куртка 4677T-TWILL-77/15"
2948;"4677T-TWILL-77/15|64-66_182-188";"Куртка 4677T-TWILL-77/15"
2950;"471BIG-FAS-24|64-66_194";"Куртка 471BIG-FAS-24"
2956;"471T-FAS-12|44-46_188";"Куртка 471T-FAS-12"
2959;"471T-FAS-12|60-62_176";"Куртка 471T-FAS-12"
3033;"471T-FAS-81|56-58_182-188";"Куртка 471T-FAS-81"
3035;"471T-FAS-81|64-66_170-176";"Куртка 471T-FAS-81"
3036;"471T-FAS-81|64-66_182-188";"Куртка 471T-FAS-81"
3038;"471T-FAS-83|44-46_158-164";"Куртка 471T-FAS-83"
3040;"471T-FAS-83|44-46_170-176";"Куртка 471T-FAS-83"
3043;"471T-FAS-83|48-50_158-164";"Куртка 471T-FAS-83"
3045;"471T-FAS-83|48-50_170-176";"Куртка 471T-FAS-83"
3046;"471T-FAS-83|48-50_182-188";"Куртка 471T-FAS-83"
3047;"471T-FAS-83|52-54_170-176";"Куртка 471T-FAS-83"
3048;"471T-FAS-83|52-54_182-188";"Куртка 471T-FAS-83"
3051;"471T-FAS-83|56-58_170-176";"Куртка 471T-FAS-83"
3053;"471T-FAS-83|56-58_182-188";"Куртка 471T-FAS-83"
3056;"471T-FAS-83|60-62_170-176";"Куртка 471T-FAS-83"
3058;"471T-FAS-83|60-62_182-188";"Куртка 471T-FAS-83"
3061;"471T-FAS-83|64-66_170-176";"Куртка 471T-FAS-83"
3064;"471T-FAS-83|64-66_182-188";"Куртка 471T-FAS-83"
3081;"471T-FAS-90|60-62_170-176";"Куртка 471T-FAS-90"
3086;"471T-FAS-90|64-66_170-176";"Куртка 471T-FAS-90"
3087;"471T-FAS-90|64-66_182-188";"Куртка 471T-FAS-90"
3134;"471T-P154-83|44-46_158-164";"Куртка 471T-P154-83"
3137;"471T-P154-83|48-50_170-176";"Куртка 471T-P154-83"
3139;"471T-P154-83|52-54_170-176";"Куртка 471T-P154-83"
3140;"471T-P154-83|52-54_182-188";"Куртка 471T-P154-83"
3145;"471T-P154-83|64-66_170-176";"Куртка 471T-P154-83"
3147;"471T-P154-R-21|44-46_170";"Куртка 471T-P154-R-21"
3158;"471T-PR25-23|56-58_188";"Куртка 471T-PR25-23"
3159;"471T-PR25-23|56-58_182";"Куртка 471T-PR25-23"
3160;"471T-PR25-55|56-58_176";"Куртка 471T-PR25-55"
3173;"471T-PR25-90|60-62_164";"Куртка 471T-PR25-90"
3179;"471T-TRUD-12|56-58_170";"Куртка 471T-TRUD-12"
3180;"471T-TRUD-12|44-46_164";"Куртка 471T-TRUD-12"
3181;"471T-TRUD-12|44-46_170";"Куртка 471T-TRUD-12"
3182;"471T-TRUD-16|60-62_176";"Куртка 471T-TRUD-16"
3183;"471T-TRUD-16|44-46_182";"Куртка 471T-TRUD-16"
3184;"471T-TRUD-16|56-58_170";"Куртка 471T-TRUD-16"
3185;"471T-TRUD-16|60-62_182";"Куртка 471T-TRUD-16"
3186;"471T-TRUD-54|60-62_188";"Куртка 471T-TRUD-54"
3227;"475T-CY-15|48-50_158-164";"Куртка 475T-CY-15"
3232;"475T-CY-15|56-58_170-176";"Куртка 475T-CY-15"
3234;"475T-CY-15|60-62_170-176";"Куртка 475T-CY-15"
3236;"475T-CY-15|64-66_170-176";"Куртка 475T-CY-15"
3237;"475T-CY-15|64-66_182-188";"Куртка 475T-CY-15"
3241;"475T-CY-55|48-50_158-164";"Куртка 475T-CY-55"
3247;"475T-CY-55|60-62_170-176";"Куртка 475T-CY-55"
3249;"475T-CY-55|64-66_170-176";"Куртка 475T-CY-55"
3271;"475T-FAS-14|60-62_170-176";"Куртка 475T-FAS-14"
3273;"475T-FAS-14|64-66_170-176";"Куртка 475T-FAS-14"
3274;"475T-FAS-14|64-66_182-188";"Куртка 475T-FAS-14"
3288;"475T-FAS-90|44-46_158-164";"Куртка 475T-FAS-90"
3289;"475T-FAS-90|44-46_170-176";"Куртка 475T-FAS-90"
3290;"475T-FAS-90|48-50_158-164";"Куртка 475T-FAS-90"
3300;"475T-WST-90|44-46_158-164";"Куртка 475T-WST-90"
3301;"475T-WST-90|44-46_170-176";"Куртка 475T-WST-90"
3302;"475T-WST-90|48-50_170-176";"Куртка 475T-WST-90"
3303;"475T-WST-90|48-50_182-188";"Куртка 475T-WST-90"
3304;"475T-WST-90|52-54_170-176";"Куртка 475T-WST-90"
3305;"475T-WST-90|52-54_182-188";"Куртка 475T-WST-90"
3306;"475T-WST-90|56-58_170-176";"Куртка 475T-WST-90"
3307;"475T-WST-90|56-58_182-188";"Куртка 475T-WST-90"
3326;"483-100/AD-15/75|60-62_176";"Куртка 483-100/AD-15/75"
3336;"624-P154-15/15|60-62_170-176";"Куртка 624-P154-15/15"
3337;"624-P154-15/15|60-62_182-188";"Куртка 624-P154-15/15"
3338;"624-P154-15/15|64-66_170-176";"Куртка 624-P154-15/15"
3339;"624-P154-15/15|64-66_182-188";"Куртка 624-P154-15/15"
3340;"633-XB-90|48-50_170-176";"Куртка 633-XB-90"
3341;"633-XB-90|44-46_158-164";"Куртка 633-XB-90"
3342;"633-XB-90|44-46_170-176";"Куртка 633-XB-90"
3343;"633-XB-90|48-50_158-164";"Куртка 633-XB-90"
3344;"633-XB-90|48-50_182-188";"Куртка 633-XB-90"
3345;"633-XB-90|52-54_170-176";"Куртка 633-XB-90"
3346;"633-XB-90|52-54_182-188";"Куртка 633-XB-90"
3347;"633-XB-90|56-58_170-176";"Куртка 633-XB-90"
3348;"633-XB-90|56-58_182-188";"Куртка 633-XB-90"
3349;"633-XB-90|60-62_170-176";"Куртка 633-XB-90"
3350;"633-XB-90|60-62_182-188";"Куртка 633-XB-90"
3351;"633-XB-90|64-66_170-176";"Куртка 633-XB-90"
3352;"633-XB-90|64-66_182-188";"Куртка 633-XB-90"
3375;"640K-CY-55/15|44-46_158-164";"Куртка 640K-CY-55/15"
3376;"640K-CY-55/15|48-50_158-164";"Куртка 640K-CY-55/15"
3383;"640K-CY-55/15|60-62_170-176";"Куртка 640K-CY-55/15"
3384;"640K-CY-55/15|60-62_182-188";"Куртка 640K-CY-55/15"
3385;"640K-CY-55/15|64-66_170-176";"Куртка 640K-CY-55/15"
3386;"640K-CY-55/15|64-66_182-188";"Куртка 640K-CY-55/15"
3412;"752T-CY-24/58|44-46_158-164";"Куртка 752T-CY-24/58"
3413;"752T-CY-24/58|48-50_158-164";"Куртка 752T-CY-24/58"
3414;"752T-CY-24/58|60-62_170-176";"Куртка 752T-CY-24/58"
3415;"752T-CY-24/58|64-66_182-188";"Куртка 752T-CY-24/58"
3416;"752T-CY-55/58|64-66_170-176";"Куртка 752T-CY-55/58"
3417;"752T-CY-58/58|56-58_170-176";"Куртка 752T-CY-58/58"
3418;"752T-CY-58/58|44-46_170-176";"Куртка 752T-CY-58/58"
3419;"752T-CY-58/58|52-54_170-176";"Куртка 752T-CY-58/58"
3420;"752T-CY-58/58|60-62_170-176";"Куртка 752T-CY-58/58"
3421;"752T-CY-58/58|60-62_182-188";"Куртка 752T-CY-58/58"
3422;"752T-CY-58/58|64-66_170-176";"Куртка 752T-CY-58/58"
3423;"752T-CY-58/58|64-66_182-188";"Куртка 752T-CY-58/58"
3425;"756-CY-15/90|44-46_158-164";"Куртка 756-CY-15/90"
3427;"756-CY-15/90|48-50_158-164";"Куртка 756-CY-15/90"
3431;"756-CY-15/90|56-58_170-176";"Куртка 756-CY-15/90"
3433;"756-CY-15/90|60-62_170-176";"Куртка 756-CY-15/90"
3434;"756-CY-15/90|60-62_182-188";"Куртка 756-CY-15/90"
3435;"756-CY-15/90|64-66_170-176";"Куртка 756-CY-15/90"
3436;"756-CY-15/90|64-66_182-188";"Куртка 756-CY-15/90"
3486;"492N-BANOX-22/15|44-46_170";"Куртка сварщика зимняя 492N-BANOX-22/15"
3487;"492N-BANOX-22/15|44-46_176";"Куртка сварщика зимняя 492N-BANOX-22/15"
3488;"492N-BANOX-22/15|48-50_182";"Куртка сварщика зимняя 492N-BANOX-22/15"
3489;"492N-BANOX-22/15|56-58_176";"Куртка сварщика зимняя 492N-BANOX-22/15"
3490;"492N-BANOX-22/15|56-58_182";"Куртка сварщика зимняя 492N-BANOX-22/15"
3491;"492N-BANOX-22/15|60-62_176";"Куртка сварщика зимняя 492N-BANOX-22/15"
3492;"492N-BANOX-22/15|60-62_182";"Куртка сварщика зимняя 492N-BANOX-22/15"
3498;"491NR-FLAM-15/14|60-62_182";"Куртка сварщика летняя 491NR-FLAM-15/14"
3515;"215-00|54_176";"Брюки мужские 215-00"
3576;"MJ6590-P159-00/81|40-42_164";"Китель повара MJ6590-P159-00/81"
3577;"MJ6590-P159-00/81|44-46_170";"Китель повара MJ6590-P159-00/81"
3578;"MJ6590-P159-00/81|48-50_176";"Китель повара MJ6590-P159-00/81"
3584;"MJ6590-TRENDLITE-00/81|64-66_194";"Китель повара MJ6590-TRENDLITE-00/81"
3710;"42B-TASLAN-55|64-66_170-176";"Полукомбинезон 42B-TASLAN-55"
3756;"42B-TWILL-58|44-46_158-164";"Полукомбинезон 42B-TWILL-58"
3757;"42B-TWILL-58|44-46_170-176";"Полукомбинезон 42B-TWILL-58"
3762;"42B-TWILL-58|56-58_170-176";"Полукомбинезон 42B-TWILL-58"
3764;"42B-TWILL-58|60-62_170-176";"Полукомбинезон 42B-TWILL-58"
3765;"42B-TWILL-58|60-62_182-188";"Полукомбинезон 42B-TWILL-58"
3766;"42B-TWILL-58|64-66_170-176";"Полукомбинезон 42B-TWILL-58"
3767;"42B-TWILL-58|64-66_182-188";"Полукомбинезон 42B-TWILL-58"
3769;"42B-TWILL-90|44-46_158-164";"Полукомбинезон 42B-TWILL-90"
3779;"42B-TWILL-90|64-66_170-176";"Полукомбинезон 42B-TWILL-90"
3780;"42B-TWILL-90|64-66_182-188";"Полукомбинезон 42B-TWILL-90"
3806;"42R-PP-15|44-46_170-176";"Полукомбинезон 42R-PP-15"
3807;"42R-PP-15|44-46_158-164";"Полукомбинезон 42R-PP-15"
3808;"42R-PP-15|64-66_182-188";"Полукомбинезон 42R-PP-15"
3809;"42R-PP-15|64-66_194-200";"Полукомбинезон 42R-PP-15"
3810;"42R-TWILL-15|64-66_182-188";"Полукомбинезон 42R-TWILL-15"
3811;"42R-TWILL-15|44-46_158-164";"Полукомбинезон 42R-TWILL-15"
3812;"42R-TWILL-15|44-46_170-176";"Полукомбинезон 42R-TWILL-15"
3813;"42R-TWILL-15|52-54_170-176";"Полукомбинезон 42R-TWILL-15"
3814;"42R-TWILL-15|56-58_170-176";"Полукомбинезон 42R-TWILL-15"
3815;"42R-TWILL-15|56-58_182-188";"Полукомбинезон 42R-TWILL-15"
3816;"42R-TWILL-15|64-66_194-200";"Полукомбинезон 42R-TWILL-15"
3817;"42R-TWILL-15|68-70_182-188";"Полукомбинезон 42R-TWILL-15"
3818;"42R-TWILL-15|68-70_194-200";"Полукомбинезон 42R-TWILL-15"
3823;"42R-TWILL-90|64-66_182-188";"Полукомбинезон 42R-TWILL-90"
3824;"42R-TWILL-90|44-46_170-176";"Полукомбинезон 42R-TWILL-90"
3825;"42R-TWILL-90|44-46_182-188";"Полукомбинезон 42R-TWILL-90"
3826;"42R-TWILL-90|52-54_170-176";"Полукомбинезон 42R-TWILL-90"
3827;"42R-TWILL-90|52-54_182-188";"Полукомбинезон 42R-TWILL-90"
3828;"42R-TWILL-90|56-58_170-176";"Полукомбинезон 42R-TWILL-90"
3829;"42R-TWILL-90|56-58_182-188";"Полукомбинезон 42R-TWILL-90"
3830;"42R-TWILL-90|64-66_194-200";"Полукомбинезон 42R-TWILL-90"
3831;"42R-TWILL-90|68-70_182-188";"Полукомбинезон 42R-TWILL-90"
3832;"42R-TWILL-90|68-70_194-200";"Полукомбинезон 42R-TWILL-90"
3845;"42TBIG-TWILL-15|68-70_206-212";"Полукомбинезон 42TBIG-TWILL-15"
3847;"43A-TWILL-14/77|44-46_158-164";"Полукомбинезон 43A-TWILL-14/77"
3849;"43A-TWILL-14/77|44-46_170-176";"Полукомбинезон 43A-TWILL-14/77"
3851;"43A-TWILL-14/77|48-50_158-164";"Полукомбинезон 43A-TWILL-14/77"
3853;"43A-TWILL-14/77|48-50_170-176";"Полукомбинезон 43A-TWILL-14/77"
3854;"43A-TWILL-14/77|48-50_182-188";"Полукомбинезон 43A-TWILL-14/77"
3858;"43A-TWILL-14/77|52-54_170-176";"Полукомбинезон 43A-TWILL-14/77"
3860;"43A-TWILL-14/77|52-54_182-188";"Полукомбинезон 43A-TWILL-14/77"
3863;"43A-TWILL-14/77|56-58_170-176";"Полукомбинезон 43A-TWILL-14/77"
3866;"43A-TWILL-14/77|56-58_182-188";"Полукомбинезон 43A-TWILL-14/77"
3869;"43A-TWILL-14/77|60-62_170-176";"Полукомбинезон 43A-TWILL-14/77"
3872;"43A-TWILL-14/77|60-62_182-188";"Полукомбинезон 43A-TWILL-14/77"
3873;"43A-TWILL-14/77|64-66_170-176";"Полукомбинезон 43A-TWILL-14/77"
3874;"43A-TWILL-14/77|64-66_182-188";"Полукомбинезон 43A-TWILL-14/77"
3885;"43AC-TWILL FT-15/71|60-62_182-188";"Полукомбинезон 43AC-TWILL FT-15/71"
3886;"43AC-TWILL FT-15/71|64-66_170-176";"Полукомбинезон 43AC-TWILL FT-15/71"
3887;"43AC-TWILL FT-15/71|64-66_182-188";"Полукомбинезон 43AC-TWILL FT-15/71"
3953;"51-2-P154-16|44-46_158-164";"Полукомбинезон 51-2-P154-16"
3975;"51-2-P154-56|56-58_170-176";"Полукомбинезон 51-2-P154-56"
3978;"51-2-P154-59|44-46_158-164";"Полукомбинезон 51-2-P154-59"
3980;"51-2-P154-59|48-50_158-164";"Полукомбинезон 51-2-P154-59"
3986;"51-2-P154-59|60-62_170-176";"Полукомбинезон 51-2-P154-59"
3989;"51-2-P154-81|48-50_158-164";"Полукомбинезон 51-2-P154-81"
3991;"51-2-P154-81|52-54_170-176";"Полукомбинезон 51-2-P154-81"
3992;"51-2-P154-81|52-54_182-188";"Полукомбинезон 51-2-P154-81"
4008;"51A-CY-05/90|44-46_158-164";"Полукомбинезон 51A-CY-05/90"
4010;"51A-CY-05/90|48-50_158-164";"Полукомбинезон 51A-CY-05/90"
4016;"51A-CY-05/90|60-62_170-176";"Полукомбинезон 51A-CY-05/90"
4018;"51A-CY-05/90|64-66_170-176";"Полукомбинезон 51A-CY-05/90"
4019;"51A-CY-05/90|64-66_182-188";"Полукомбинезон 51A-CY-05/90"
4038;"51M-2-P154-00|60-62_170-176";"Полукомбинезон 51M-2-P154-00"
4039;"51M-2-P154-00|60-62_182-188";"Полукомбинезон 51M-2-P154-00"
4050;"51T-FAS-14|56-58_170-176";"Полукомбинезон 51T-FAS-14"
4051;"51T-FAS-14|56-58_182-188";"Полукомбинезон 51T-FAS-14"
4053;"51T-FAS-14|60-62_170-176";"Полукомбинезон 51T-FAS-14"
4054;"51T-FAS-14|60-62_182-188";"Полукомбинезон 51T-FAS-14"
4089;"51T-FAS-90|44-46_158-164";"Полукомбинезон 51T-FAS-90"
4090;"51T-FAS-90|44-46_170-176";"Полукомбинезон 51T-FAS-90"
4093;"51T-FAS-90|48-50_158-164";"Полукомбинезон 51T-FAS-90"
4100;"51T-FAS-90|56-58_170-176";"Полукомбинезон 51T-FAS-90"
4101;"51T-FAS-90|56-58_182-188";"Полукомбинезон 51T-FAS-90"
4106;"51T-FAS-90|60-62_170-176";"Полукомбинезон 51T-FAS-90"
4107;"51T-FAS-90|60-62_182-188";"Полукомбинезон 51T-FAS-90"
4112;"51T-FAS-90|64-66_170-176";"Полукомбинезон 51T-FAS-90"
4113;"51T-FAS-90|64-66_182-188";"Полукомбинезон 51T-FAS-90"
4119;"55T-FAS-14|44-46_158-164";"Полукомбинезон 55T-FAS-14"
4123;"55T-FAS-14|48-50_158-164";"Полукомбинезон 55T-FAS-14"
4146;"55T-FAS-14|64-66_170-176";"Полукомбинезон 55T-FAS-14"
4151;"55T-FAS-22/15|44-46_158-164";"Полукомбинезон 55T-FAS-22/15"
4152;"55T-FAS-22/15|44-46_170-176";"Полукомбинезон 55T-FAS-22/15"
4153;"55T-FAS-22/15|48-50_158-164";"Полукомбинезон 55T-FAS-22/15"
4154;"55T-FAS-22/15|48-50_170-176";"Полукомбинезон 55T-FAS-22/15"
4155;"55T-FAS-22/15|48-50_182-188";"Полукомбинезон 55T-FAS-22/15"
4156;"55T-FAS-22/15|52-54_170-176";"Полукомбинезон 55T-FAS-22/15"
4157;"55T-FAS-22/15|52-54_182-188";"Полукомбинезон 55T-FAS-22/15"
4158;"55T-FAS-22/15|56-58_170-176";"Полукомбинезон 55T-FAS-22/15"
4159;"55T-FAS-22/15|56-58_182-188";"Полукомбинезон 55T-FAS-22/15"
4160;"55T-FAS-22/15|60-62_170-176";"Полукомбинезон 55T-FAS-22/15"
4161;"55T-FAS-22/15|60-62_182-188";"Полукомбинезон 55T-FAS-22/15"
4162;"55T-FAS-22/15|64-66_170-176";"Полукомбинезон 55T-FAS-22/15"
4163;"55T-FAS-22/15|64-66_182-188";"Полукомбинезон 55T-FAS-22/15"
4178;"55T-FAS-55|48-50_158-164";"Полукомбинезон 55T-FAS-55"
4184;"55T-FAS-55|56-58_170-176";"Полукомбинезон 55T-FAS-55"
4188;"55T-FAS-55|64-66_170-176";"Полукомбинезон 55T-FAS-55"
4209;"71KA-FAS-14|62_200";"Полукомбинезон 71KA-FAS-14"
4257;"71T-FAS-22|50_194";"Полукомбинезон 71T-FAS-22"
4293;"71T-FAS-24|64_200";"Полукомбинезон 71T-FAS-24"
4362;"71T-MU-R-15|48-50_170-176";"Полукомбинезон 71T-MU-R-15"
4397;"71T-P154-R-15|48-50_182-188";"Полукомбинезон 71T-P154-R-15"
4398;"71T-P154-R-15|44-46_170-176";"Полукомбинезон 71T-P154-R-15"
4399;"71T-P154-R-15|52-54_170-176";"Полукомбинезон 71T-P154-R-15"
4400;"71T-P154-R-15|52-54_182-188";"Полукомбинезон 71T-P154-R-15"
4401;"71T-P154-R-15|56-58_182-188";"Полукомбинезон 71T-P154-R-15"
4409;"71T-P154-R-21|52-54_170-176";"Полукомбинезон 71T-P154-R-21"
4410;"71T-P154-R-24|48-50_182-188";"Полукомбинезон 71T-P154-R-24"
4411;"71T-TOMBOY-58|56_176";"Полукомбинезон 71T-TOMBOY-58"
4476;"77-CY-15/90|64-66_170-176";"Полукомбинезон 77-CY-15/90"
4480;"77-CY-55/15|48-50_158-164";"Полукомбинезон 77-CY-55/15"
4487;"77-CY-55/15|60-62_170-176";"Полукомбинезон 77-CY-55/15"
4489;"77-CY-55/15|64-66_170-176";"Полукомбинезон 77-CY-55/15"
4531;"84S-TOMBOY-15|42_164";"Полукомбинезон 84S-TOMBOY-15"
4532;"84S-TOMBOY-15|46_170";"Полукомбинезон 84S-TOMBOY-15"
4533;"84S-TOMBOY-15|50_176";"Полукомбинезон 84S-TOMBOY-15"
4534;"84S-TOMBOY-15|50_182";"Полукомбинезон 84S-TOMBOY-15"
4535;"84S-TOMBOY-15|62_182";"Полукомбинезон 84S-TOMBOY-15"
4568;"92T-P154-77/15|44-46_158-164";"Полукомбинезон 92T-P154-77/15"
4576;"92T-P154-77/15|60-62_170-176";"Полукомбинезон 92T-P154-77/15"
4577;"92T-P154-77/15|60-62_182-188";"Полукомбинезон 92T-P154-77/15"
4578;"92T-P154-77/15|64-66_170-176";"Полукомбинезон 92T-P154-77/15"
4579;"92T-P154-77/15|64-66_182-188";"Полукомбинезон 92T-P154-77/15"
4584;"91KR-FLAM-15/14|60_182";"Полукомбинезон сварщика летний 91KR-FLAM-15/14"
4589;"1315-SATORI-87|48-50_170";"Рубашка женская 1315-SATORI-87"
4590;"1315-ULTRA-00|48-50_170";"Рубашка женская 1315-ULTRA-00"
4591;"315-SATORI-10|52-54_176";"Рубашка мужская 315-SATORI-10"
4592;"315-ULTRA-00|52-54_176";"Рубашка мужская 315-ULTRA-00"
4596;"757-PHK-14/15|64-66_176";"Свитер 757-PHK-14/15"
4597;"757-PHK-14/15|44-46_170";"Свитер 757-PHK-14/15"
4598;"757-PHK-14/15|44-46_176";"Свитер 757-PHK-14/15"
4599;"757-PHK-14/15|44-46_182";"Свитер 757-PHK-14/15"
4600;"757-PHK-14/15|60-62_176";"Свитер 757-PHK-14/15"
4601;"757-PHK-14/15|64-66_182";"Свитер 757-PHK-14/15"
4612;"111-P159-00|50_164";"Халат женский 111-P159-00"
4613;"111-P159-00|50_176";"Халат женский 111-P159-00"
4614;"111-P159-00|50_182";"Халат женский 111-P159-00"
4615;"111-P159-00|56_164";"Халат женский 111-P159-00"
4630;"159-TOMBOY-13|60-62_164-170";"Халат женский 159-TOMBOY-13"
4631;"163-P154-12|48-50_170";"Халат женский 163-P154-12"
4637;"UJ6840-P159-00/81|56-58_176";"Халат женский UJ6840-P159-00/81"
4644;"104-TEREDO-80|60-62_152";"Халат мужской 104-TEREDO-80"
4645;"104-TEREDO-80|40-42_152";"Халат мужской 104-TEREDO-80"
4646;"169HS-TOMBOY-00|44-46_176";"Халат мужской 169HS-TOMBOY-00"
4647;"169HS-TOMBOY-00|48-50_164";"Халат мужской 169HS-TOMBOY-00"
4648;"169HS-TOMBOY-00|64-66_182";"Халат мужской 169HS-TOMBOY-00"
4671;"CA5150-TEREDO-00/82";"Колпак повара CA5150"
4675;"567KC-TASLAN-57|58";"Шапка 567KC-TASLAN-57"
4677;"567KC-TASLAN-57|62";"Шапка 567KC-TASLAN-57"
4691;"568-FLIS-75|55-56-57";"Шапка 568-FLIS-75"
4865;"43AC-TWILL-15/77|64-66_170-176";"Полукомбинезон 43AC-TWILL-15/77"
4913;"722S-ULTRA-00|52-54_176";"Блуза пекаря 722S-ULTRA-00"
4914;"723S-SATORI-00|52-54_176";"Блуза пекаря 723S-SATORI-00"
4929;"1K016-537-001|32";"Бриджи Image Wear 1K016-537-001"
4930;"1K016-537-001|34";"Бриджи Image Wear 1K016-537-001"
4931;"1K016-537-001|36";"Бриджи Image Wear 1K016-537-001"
4932;"1K016-537-001|38";"Бриджи Image Wear 1K016-537-001"
4933;"1K016-537-001|42";"Бриджи Image Wear 1K016-537-001"
4934;"1K016-537-001|48";"Бриджи Image Wear 1K016-537-001"
4935;"1K016-537-001|50";"Бриджи Image Wear 1K016-537-001"
4936;"1K016-537-990|32";"Бриджи Image Wear 1K016-537-990"
5034;"264-TOMBOY-13|60_188";"Брюки 264-TOMBOY-13"
5133;"7013-565-775|44_164";"Комбинезон 7013-565-775"
5134;"7013-565-775|46_170";"Комбинезон 7013-565-775"
5135;"7013-565-775|58_182";"Комбинезон 7013-565-775"
5136;"7013-565-775|60_188";"Комбинезон 7013-565-775"
5145;"8013OX-565-775|46_176";"Комбинезон 8013OX-565-775"
5146;"8013OX-565-775|56_188";"Комбинезон 8013OX-565-775"
5147;"8013OX-565-775|58_188";"Комбинезон 8013OX-565-775"
5148;"830-EASN-14|48-50_170";"Комбинезон 830-EASN-14"
5149;"830-EASN-14|48-50_176";"Комбинезон 830-EASN-14"
5150;"830-EASN-14|48-50_182";"Комбинезон 830-EASN-14"
5151;"830-EASN-14|52-54_176";"Комбинезон 830-EASN-14"
5152;"830-EASN-14|52-54_182";"Комбинезон 830-EASN-14"
5153;"830-EASN-14|52-54_188";"Комбинезон 830-EASN-14"
5165;"830-NEON-72|56-58_188";"Комбинезон 830-NEON-72"
5220;"8367-565-750|62_200";"Комбинезон 8367-565-750"
5221;"8367-565-750|64_200";"Комбинезон 8367-565-750"
5222;"8367-565-750|66_200";"Комбинезон 8367-565-750"
5223;"8831-TWILL-71/66|44-46_164";"Комбинезон 8831-TWILL-71/66"
5226;"8831-TWILL-71/66|48-50_164";"Комбинезон 8831-TWILL-71/66"
5230;"8831-TWILL-71/66|48-50_188";"Комбинезон 8831-TWILL-71/66"
5231;"8831-TWILL-71/66|52-54_170";"Комбинезон 8831-TWILL-71/66"
5235;"8831-TWILL-71/66|56-58_170";"Комбинезон 8831-TWILL-71/66"
5239;"8831-TWILL-71/66|60-62_176";"Комбинезон 8831-TWILL-71/66"
5240;"8831-TWILL-71/66|60-62_182";"Комбинезон 8831-TWILL-71/66"
5241;"8831-TWILL-71/66|60-62_188";"Комбинезон 8831-TWILL-71/66"
5242;"8831-TWILL-71/66|64-66_176";"Комбинезон 8831-TWILL-71/66"
5243;"8831-TWILL-71/66|64-66_182";"Комбинезон 8831-TWILL-71/66"
5244;"8831-TWILL-71/66|64-66_188";"Комбинезон 8831-TWILL-71/66"
5245;"64725-412B-750|44_170";"Комбинезон Image Wear 64725-412B-750"
5246;"64725-412B-750|46_170";"Комбинезон Image Wear 64725-412B-750"
5247;"64725-412B-750|60_188";"Комбинезон Image Wear 64725-412B-750"
5248;"64725-412B-750|62_188";"Комбинезон Image Wear 64725-412B-750"
5249;"64725-412B-750|64_188";"Комбинезон Image Wear 64725-412B-750"
5250;"64725-412B-750|66_194";"Комбинезон Image Wear 64725-412B-750"
5280;"314-TOMBOY-13|56-58_200";"Куртка 314-TOMBOY-13"
5356;"ACODE-1426-66|L";"Куртка женская ACODE-1426-66"
5357;"ACODE-1426-66|M";"Куртка женская ACODE-1426-66"
5358;"ACODE-1426-66|XL";"Куртка женская ACODE-1426-66"
5359;"ACODE-1426-90|XL";"Куртка женская ACODE-1426-90"
5360;"ACODE-1443-90|L";"Куртка женская ACODE-1443-90"
5361;"ACODE-1443-90|S";"Куртка женская ACODE-1443-90"
5362;"ACODE-1443-90|XL";"Куртка женская ACODE-1443-90"
5363;"41104-500-556|42";"Куртка женская Image Wear 41104-500-556"
5364;"41104-500-556|44";"Куртка женская Image Wear 41104-500-556"
5365;"41104-500-556|52";"Куртка женская Image Wear 41104-500-556"
5366;"41104-500-556|56";"Куртка женская Image Wear 41104-500-556"
5371;"ACODE-1404-15|M";"Куртка ACODE-1404-15"
5372;"ACODE-1404-15|S";"Куртка ACODE-1404-15"
5373;"ACODE-1404-15|XL";"Куртка ACODE-1404-15"
5374;"ACODE-1404-81|S";"Куртка ACODE-1404-81"
5375;"ACODE-1404-81|XL";"Куртка ACODE-1404-81"
5376;"ACODE-1404-90|S";"Куртка ACODE-1404-90"
5377;"ACODE-1404-93|L";"Куртка ACODE-1404-93"
5378;"ACODE-1404-93|M";"Куртка ACODE-1404-93"
5379;"ACODE-1404-93|S";"Куртка ACODE-1404-93"
5380;"ACODE-1404-93|XL";"Куртка ACODE-1404-93"
5381;"ACODE-1404-93|XXL";"Куртка ACODE-1404-93"
5387;"8003-845-001|58";"Куртка Image Wear 8003-845-001"
5393;"116|38";"Поло женское из полотна Cool Dry 116"
5394;"116|42";"Поло женское из полотна Cool Dry 116"
5395;"116|44";"Поло женское из полотна Cool Dry 116"
5396;"116|48";"Поло женское из полотна Cool Dry 116"
5464;"8889N-765-775|52";"Полукомбинезон Image Wear 8889N-765-775"
5467;"112|40_164";"Рубашка женская 112"
5473;"112|62_188";"Рубашка женская 112"
5474;"113|40_152";"Рубашка женская 113"
5475;"113|44_164";"Рубашка женская 113"
5476;"113|46_170";"Рубашка женская 113"
5477;"113|50_176";"Рубашка женская 113"
5478;"113|52_176";"Рубашка женская 113"
5479;"113|54_188";"Рубашка женская 113"
5488;"FB8510-TRENDLITE-00|44_164";"Рубашка женская FB8510-TRENDLITE-00"
5489;"FB8510-TRENDLITE-00|46_164";"Рубашка женская FB8510-TRENDLITE-00"
5490;"FB8510-TRENDLITE-00|48_170";"Рубашка женская FB8510-TRENDLITE-00"
5491;"FB8510-TRENDLITE-00|50_170";"Рубашка женская FB8510-TRENDLITE-00"
5492;"FB8510-TRENDLITE-00|52_170";"Рубашка женская FB8510-TRENDLITE-00"
5493;"FB8510-TRENDLITE-00|58_170";"Рубашка женская FB8510-TRENDLITE-00"
5494;"FB8510-TRENDLITE-00|60_176";"Рубашка женская FB8510-TRENDLITE-00"
5495;"FB8510-TRENDLITE-00|62_176";"Рубашка женская FB8510-TRENDLITE-00"
5496;"FB8510-TRENDLITE-00|64_176";"Рубашка женская FB8510-TRENDLITE-00"
5497;"FB8510-TRENDLITE-00|66_176";"Рубашка женская FB8510-TRENDLITE-00"
5498;"FB8520-TRENDLITE-00|42_164";"Рубашка женская FB8520-TRENDLITE-00"
5499;"FB8520-TRENDLITE-00|44_164";"Рубашка женская FB8520-TRENDLITE-00"
5500;"FB8520-TRENDLITE-00|56_170";"Рубашка женская FB8520-TRENDLITE-00"
5501;"FB8520-TRENDLITE-00|64_176";"Рубашка женская FB8520-TRENDLITE-00"
5502;"FB8520-TRENDLITE-00|66_176";"Рубашка женская FB8520-TRENDLITE-00"
5503;"FB8520-TRENDLITE-00|70_176";"Рубашка женская FB8520-TRENDLITE-00"
5511;"119|42_158";"Рубашка мужская 119"
5512;"119|46_158";"Рубашка мужская 119"
5513;"119|48_164";"Рубашка мужская 119"
5514;"119|50_170";"Рубашка мужская 119"
5515;"119|54_170";"Рубашка мужская 119"
5516;"119|58_176";"Рубашка мужская 119"
5517;"120|48_164";"Рубашка мужская 120"
5518;"120|56_176";"Рубашка мужская 120"
5519;"120|66_188";"Рубашка мужская 120"
5520;"120|70_194";"Рубашка мужская 120"
5523;"122|48_182";"Рубашка мужская 122"
5524;"122|50_182";"Рубашка мужская 122"
5525;"122|52_188";"Рубашка мужская 122"
5526;"122|56_182";"Рубашка мужская 122"
5528;"122|62_194";"Рубашка мужская 122"
5529;"8026N-550-001|62";"Рубашка повара 8026N-550-001"
5530;"8026N-550-001|64";"Рубашка повара 8026N-550-001"
5531;"8026N-550-001|66";"Рубашка повара 8026N-550-001"
5532;"8026N-550-001|68";"Рубашка повара 8026N-550-001"
5533;"757-PHM-14/14|44-46_164";"Свитер 757-PHM-14/14"
5534;"757-PHM-14/14|44-46_170";"Свитер 757-PHM-14/14"
5535;"757-PHM-14/14|44-46_176";"Свитер 757-PHM-14/14"
5536;"757-PHM-14/14|44-46_182";"Свитер 757-PHM-14/14"
5537;"757-PHM-14/14|48-50_164";"Свитер 757-PHM-14/14"
5538;"757-PHM-14/14|52-54_164";"Свитер 757-PHM-14/14"
5539;"757-PHM-14/14|52-54_170";"Свитер 757-PHM-14/14"
5540;"757-PHM-14/14|56-58_170";"Свитер 757-PHM-14/14"
5541;"757-PHM-14/14|60-62_176";"Свитер 757-PHM-14/14"
5542;"757-PHM-14/14|64-66_176";"Свитер 757-PHM-14/14"
5543;"ACODE-1734-16|XXL";"Толстовка ACODE-1734-16"
5544;"ACODE-1734-24|XXL";"Толстовка ACODE-1734-24"
5545;"ACODE-1734-24|XXXL";"Толстовка ACODE-1734-24"
5559;"ACODE-1912-57|S";"Футболка ACODE-1912-57"
5560;"ACODE-1912-83|S";"Футболка ACODE-1912-83"
5561;"ACODE-1913-15|S";"Футболка ACODE-1913-15"
5562;"46726-000-820|S";"Футболка Image Wear 46726-000-820"
5569;"104-TOMBOY-00|44-46_164";"Халат мужской 104-TOMBOY-00"
5570;"104-TOMBOY-00|44-46_170";"Халат мужской 104-TOMBOY-00"
5571;"104-TOMBOY-00|44-46_176";"Халат мужской 104-TOMBOY-00"
5572;"104-TOMBOY-00|56-58_176";"Халат мужской 104-TOMBOY-00"
5573;"46420-500-001|44";"Халат мужской 46420-500-001"
5574;"46420-500-001|46";"Халат мужской 46420-500-001"
10316;"722S-SATORI-00|52-54_176";"Блуза пекаря 722S-SATORI-00"
10317;"723S-ULTRA-00|52-54_176";"Блуза пекаря 723S-ULTRA-00"
10442;"71T-FAS-24|64_206";"Полукомбинезон 71T-FAS-24"
10506;"71T-FAS-83|66_212";"Полукомбинезон 71T-FAS-83"
10595;"511S-P154-15/90|48-50_182-188";"Жилет 511S-P154-15/90"
10597;"511S-P154-15/90|52-54_182-188";"Жилет 511S-P154-15/90"
10598;"511N-FAS-14/16|48-50_170-176";"Жилет 511N-FAS-14/16"
10604;"511N-FAS-14/16|48-50_182-188";"Жилет 511N-FAS-14/16"
10605;"511N-FAS-14/16|52-54_170-176";"Жилет 511N-FAS-14/16"
10606;"511N-FAS-14/16|52-54_182-188";"Жилет 511N-FAS-14/16"
10607;"511N-FAS-14/16|56-58_170-176";"Жилет 511N-FAS-14/16"
10608;"511N-FAS-14/16|56-58_182-188";"Жилет 511N-FAS-14/16"
10609;"511S-P154-15/90|56-58_170-176";"Жилет 511S-P154-15/90"
10612;"511N-FAS-55/55|48-50_182-188";"Жилет 511N-FAS-55/55"
10614;"511N-FAS-55/55|52-54_182-188";"Жилет 511N-FAS-55/55"
10615;"511N-FAS-55/55|56-58_170-176";"Жилет 511N-FAS-55/55"
10640;"379T-P92-00|56-58_176";"Китель повара 379T-P92-00"
10661;"4398TD-TASLAN-15/16|56-58_170-176";"Куртка 4398TD-TASLAN-15/16"
10741;"51-FAS-14|60-62_170-176";"Полукомбинезон 51-FAS-14"
10742;"51-FAS-14|60-62_182-188";"Полукомбинезон 51-FAS-14"
10743;"51-FAS-14|64-66_170-176";"Полукомбинезон 51-FAS-14"
10744;"51-FAS-14|64-66_182-188";"Полукомбинезон 51-FAS-14"
11012;"374A-KR154-15|44-46_158-164";"Куртка 374A-KR154-15"
11014;"374A-KR154-15|60-62_182-188";"Куртка 374A-KR154-15"
11020;"374A-KR154-15|48-50_158-164";"Куртка 374A-KR154-15"
11023;"374A-KR154-15|56-58_170-176";"Куртка 374A-KR154-15"
11025;"827KAR-MU-81|52-54_176";"Комбинезон 827KAR-MU-80"
11026;"827KAR-MU-81|48-50_176";"Комбинезон 827KAR-MU-80"
11027;"827KAR-MU-81|48-50_182";"Комбинезон 827KAR-MU-80"
11028;"827KAR-MU-81|52-54_182";"Комбинезон 827KAR-MU-80"
11030;"55M-EASN-00/55|60-62_170-176";"Полукомбинезон 55M-EASN-00/55"
11031;"55M-EASN-00/55|60-62_182-188";"Полукомбинезон 55M-EASN-00/55"
11032;"55M-EASN-00/55|64-66_170-176";"Полукомбинезон 55M-EASN-00/55"
11033;"55M-EASN-00/55|64-66_182-188";"Полукомбинезон 55M-EASN-00/55"
11056;"374K-CY-6/90/48-50_170-176";"Куртка 374K-CY-6/90"
11057;"374K-CY-6/90/60-62_170-176";"Куртка 374K-CY-6/90"
11058;"374K-CY-6/90/60-62_182-188";"Куртка 374K-CY-6/90"
11059;"374K-CY-6/90/64-66_170-176";"Куртка 374K-CY-6/90"
11060;"374K-CY-6/90/64-66_182-188";"Куртка 374K-CY-6/90"
11061;"374K-CY-6/90/44-46_170-176";"Куртка 374K-CY-6/90"
11062;"374K-CY-6/90/44-46_158-164";"Куртка 374K-CY-6/90"
11063;"374K-CY-6/90/48-50_182-188";"Куртка 374K-CY-6/90"
11064;"374K-CY-6/90/48-50_158-164";"Куртка 374K-CY-6/90"
11065;"374K-CY-6/90/52-54_170-176";"Куртка 374K-CY-6/90"
11066;"374K-CY-6/90/52-54_182-188";"Куртка 374K-CY-6/90"
11067;"374K-CY-6/90/56-58_170-176";"Куртка 374K-CY-6/90"
11068;"374K-CY-6/90/56-58_182-188";"Куртка 374K-CY-6/90"
11113;"830-MU-90|56-58_188";"Комбинезон 830-MU-90"
11141;"51T-CY-55|64-66_170-176";"Полукомбинезон 51T-CY-55"
11147;"51T-CY-55|48-50_158-164";"Полукомбинезон 51T-CY-55"
11170;"379A-ULTRA-14/57|60-62_170-176";"Китель повара 379A-ULTRA-14/57"
11172;"379A-ULTRA-14/57|64-66_170-176";"Китель повара 379A-ULTRA-14/57"
11233;"827R-MU-75|60-62_176";"Комбинезон 827R-MU-75"
11371;"622S-TWILL-15|64-66_170-176";"Куртка 622S-TWILL-15"
11376;"622S-TWILL-15|48-50_158-164";"Куртка 622S-TWILL-15"
11402;"442KC-PP-15|48-50_158-164";"Куртка 442KC-PP-15"
11408;"622S-TWILL-80|60-62_170-176";"Куртка 622S-TWILL-80"
11428;"51-2-BK-15|44-46_158-164";"Полукомбинезон 51-2-BK-15"
11429;"51-2-BK-15|44-46_170-176";"Полукомбинезон 51-2-BK-15"
11430;"51-2-BK-15|44-46_182-188";"Полукомбинезон 51-2-BK-15"
11433;"51-2-BK-15|48-50_158-164";"Полукомбинезон 51-2-BK-15"
11437;"471T-FU-55|60-62_170-176";"Куртка 471T-FU-55"
11439;"471T-FU-55|64-66_170-176";"Куртка 471T-FU-55"
11440;"471T-FU-55|64-66_182-188";"Куртка 471T-FU-55"
11442;"471T-FU-55|44-46_158-164";"Куртка 471T-FU-55"
11450;"71T-FU-55|44-46_158-164";"Полукомбинезон 71T-FU-55"
11451;"71T-FU-55|60-62_170-176";"Полукомбинезон 71T-FU-55"
11453;"71T-FU-55|64-66_170-176";"Полукомбинезон 71T-FU-55"
11454;"71T-FU-55|64-66_182-188";"Полукомбинезон 71T-FU-55"
11468;"51-3-P154-15|56-58_170-176";"Полукомбинезон 51-3-P154-15"
11471;"818N-PP-15/71|60-62_182";"Комбинезон 818N-PP-15/71"
11633;"71T-FAS-24|60_206";"Полукомбинезон 71T-FAS-24"
